{
    "openWeatherMapApiKey": "0d6d5120afbc22b78f24b7ab87aa7d9a",
    "myLon": 48.713829,
    "myLat": 2.223130
}