{
    "openWeatherMapApiKey": "d8a292de2b41e4a7e63fc4ffde107c74",
    "myLon": 48.713829,
    "myLat": 2.223130
}